-- phpMyAdmin SQL Dump
-- version 5.2.1
-- https://www.phpmyadmin.net/
--
-- Host: 127.0.0.1
-- Generation Time: Nov 13, 2024 at 09:59 AM
-- Server version: 10.4.28-MariaDB
-- PHP Version: 8.2.4

SET SQL_MODE = "NO_AUTO_VALUE_ON_ZERO";
START TRANSACTION;
SET time_zone = "+00:00";


/*!40101 SET @OLD_CHARACTER_SET_CLIENT=@@CHARACTER_SET_CLIENT */;
/*!40101 SET @OLD_CHARACTER_SET_RESULTS=@@CHARACTER_SET_RESULTS */;
/*!40101 SET @OLD_COLLATION_CONNECTION=@@COLLATION_CONNECTION */;
/*!40101 SET NAMES utf8mb4 */;

--
-- Database: `fee_payment`
--

-- --------------------------------------------------------

--
-- Table structure for table `academic_session`
--

CREATE TABLE `academic_session` (
  `id` int(1) NOT NULL,
  `current_term` varchar(50) NOT NULL,
  `school_session` varchar(50) NOT NULL,
  `status` tinyint(1) NOT NULL DEFAULT 0
) ENGINE=InnoDB DEFAULT CHARSET=utf8mb4 COLLATE=utf8mb4_general_ci;

--
-- Dumping data for table `academic_session`
--

INSERT INTO `academic_session` (`id`, `current_term`, `school_session`, `status`) VALUES
(1, 'Second Term', '2021/2022', 1);

-- --------------------------------------------------------

--
-- Table structure for table `administrator`
--

CREATE TABLE `administrator` (
  `user_id` int(11) NOT NULL,
  `username` varchar(50) NOT NULL,
  `fulname` varchar(100) DEFAULT NULL,
  `email` varchar(100) NOT NULL,
  `password` varchar(255) NOT NULL,
  `token` varchar(100) NOT NULL,
  `status` tinyint(1) NOT NULL DEFAULT 0,
  `created_at` date NOT NULL,
  `user_type` varchar(50) NOT NULL
) ENGINE=InnoDB DEFAULT CHARSET=utf8mb4 COLLATE=utf8mb4_general_ci;

--
-- Dumping data for table `administrator`
--

INSERT INTO `administrator` (`user_id`, `username`, `fulname`, `email`, `password`, `token`, `status`, `created_at`, `user_type`) VALUES
(1, 'osotech', 'Samson Jerry', 'osotech@gmail.com', '$2y$10$BjJ9YZOk1sGh62mq8ZTvX.DCekEUvTykcoXgCTx3uN0H2Rgr06mHC', 'uiuxerxrr5945ucnufs67qcvmkgfghg', 1, '2021-08-11', 'Director'),
(2, 'Blessing', 'Omoluwa Blessing', 'blessing@gmail.com', '$2y$10$S4KwomsWp3eXhzvxDJ9bm.Wz2bx3UGE/EQ.Z9RTze60Jx.D5z4qS.', '6ec9a87b739768d9e9d5346', 1, '2021-08-14', 'Secretary'),
(3, 'mandelashaban593', 'Mandela', 'mandelashaban593@gmail.com', '$2y$10$6NzzFNwsvBRz8IJpllEaSe/1ncTTEQXjJKUVHP1hH9Lserx87x1dK', '92d3f6c31eb2fd9ebd91397', 1, '2024-11-12', 'Secretary');

-- --------------------------------------------------------

--
-- Table structure for table `fee_component`
--

CREATE TABLE `fee_component` (
  `id` int(11) NOT NULL,
  `desc_name` varchar(200) NOT NULL,
  `created_at` date NOT NULL
) ENGINE=InnoDB DEFAULT CHARSET=utf8mb4 COLLATE=utf8mb4_general_ci;

-- --------------------------------------------------------

--
-- Table structure for table `individual_fee`
--

CREATE TABLE `individual_fee` (
  `id` int(11) NOT NULL,
  `student_id` int(11) NOT NULL,
  `amount_per_term` int(10) NOT NULL,
  `student_class` varchar(50) DEFAULT NULL,
  `payment_term` varchar(50) DEFAULT NULL,
  `school_session` varchar(50) DEFAULT NULL,
  `created_at` date NOT NULL
) ENGINE=InnoDB DEFAULT CHARSET=utf8mb4 COLLATE=utf8mb4_general_ci;

--
-- Dumping data for table `individual_fee`
--

INSERT INTO `individual_fee` (`id`, `student_id`, `amount_per_term`, `student_class`, `payment_term`, `school_session`, `created_at`) VALUES
(1, 4, 50000, 'JSS2', NULL, '2021/2022', '2021-08-15'),
(2, 1, 65000, 'SSS1', NULL, '2021/2022', '2021-08-15'),
(3, 3, 45000, 'SSS2', NULL, '2021/2022', '2021-08-15'),
(4, 2, 75000, 'SSS3', NULL, '2021/2022', '2021-08-15'),
(5, 5, 500000, 'S1', NULL, '2021/2022', '2024-11-13');

-- --------------------------------------------------------

--
-- Table structure for table `locals`
--

CREATE TABLE `locals` (
  `local_id` int(11) NOT NULL,
  `state_id` int(11) NOT NULL,
  `local_name` varchar(100) NOT NULL
) ENGINE=InnoDB DEFAULT CHARSET=latin1 COLLATE=latin1_swedish_ci;

--
-- Dumping data for table `locals`
--

INSERT INTO `locals` (`local_id`, `state_id`, `local_name`) VALUES
(1, 1, 'NA'),
(89, 4, 'Orumba South'),
(90, 4, 'Oyi'),
(91, 5, 'Alkaleri'),
(92, 5, 'Bauchi'),
(93, 5, 'Bogoro'),
(94, 5, 'Damban'),
(95, 5, 'Darazo'),
(96, 5, 'Dass'),
(97, 5, 'Gamawa'),
(98, 5, 'Ganjuwa'),
(99, 5, 'Giade'),
(100, 5, 'Itas/Gadau'),
(101, 5, 'Jama\'are'),
(102, 5, 'Katagum'),
(103, 5, 'Kirfi'),
(104, 5, 'Misau'),
(105, 5, 'Ningi'),
(106, 5, 'Shira'),
(107, 5, 'Tafawa Balewa'),
(108, 5, 'Toro'),
(109, 5, 'Warji'),
(110, 5, 'Zaki'),
(111, 6, 'Brass'),
(112, 6, 'Ekeremor'),
(113, 6, 'Kolokuma/Opokuma'),
(114, 6, 'Nembe'),
(115, 6, 'Ogbia'),
(116, 6, 'Sagbama'),
(117, 6, 'Southern Ijaw'),
(118, 6, 'Yenagoa'),
(119, 7, 'Agatu'),
(120, 7, 'Apa'),
(121, 7, 'Ado'),
(122, 7, 'Buruku'),
(123, 7, 'Gboko'),
(124, 7, 'Guma'),
(125, 7, 'Gwer East'),
(126, 7, 'Gwer West'),
(127, 7, 'Katsina-Ala'),
(128, 7, 'Konshisha'),
(129, 7, 'Kwande'),
(130, 7, 'Logo'),
(131, 7, 'Makurdi'),
(132, 7, 'Obi'),
(133, 7, 'Ogbadibo'),
(134, 7, 'Ohimini'),
(135, 7, 'Oju'),
(136, 7, 'Okpokwu'),
(137, 7, 'Oturkpo'),
(138, 7, 'Tarka'),
(139, 7, 'Ukum'),
(140, 7, 'Ushongo'),
(141, 7, 'Vandeikya'),
(142, 8, 'Abadam'),
(143, 8, 'Askira/Uba'),
(144, 8, 'Bama'),
(145, 8, 'Bayo'),
(146, 8, 'Biu'),
(147, 8, 'Chibok'),
(148, 8, 'Damboa'),
(149, 8, 'Dikwa'),
(150, 8, 'Gubio'),
(151, 8, 'Guzamala'),
(152, 8, 'Gwoza'),
(153, 8, 'Hawul'),
(154, 8, 'Jere'),
(155, 8, 'Kaga'),
(156, 8, 'Kala/Balge'),
(157, 8, 'Konduga'),
(158, 8, 'Kukawa'),
(159, 8, 'Kwaya Kusar'),
(160, 8, 'Mafa'),
(161, 8, 'Magumeri'),
(162, 8, 'Maiduguri'),
(163, 8, 'Marte'),
(164, 8, 'Mobbar'),
(165, 8, 'Monguno'),
(166, 8, 'Ngala'),
(167, 8, 'Nganzai'),
(168, 8, 'Shani'),
(169, 9, 'Abi'),
(170, 9, 'Akamkpa'),
(171, 9, 'Akpabuyo'),
(172, 9, 'Bakassi'),
(173, 9, 'Bekwarra'),
(174, 9, 'Biase'),
(175, 9, 'Boki'),
(176, 9, 'Calabar Municipal'),
(177, 9, 'Calabar South'),
(178, 9, 'Etung'),
(179, 9, 'Ikom'),
(180, 9, 'Obanliku'),
(181, 9, 'Obubra'),
(182, 9, 'Obudu'),
(183, 9, 'Odukpani'),
(184, 9, 'Ogoja'),
(185, 9, 'Yakuur'),
(186, 9, 'Yala'),
(187, 10, 'Aniocha North'),
(188, 10, 'Aniocha South'),
(189, 10, 'Bomadi'),
(190, 10, 'Burutu'),
(191, 10, 'Ethiope East'),
(192, 10, 'Ethiope West'),
(193, 10, 'Ika North East'),
(194, 10, 'Ika South'),
(195, 10, 'Isoko North'),
(196, 10, 'Isoko South'),
(197, 10, 'Ndokwa East'),
(198, 10, 'Ndokwa West'),
(199, 10, 'Okpe'),
(200, 10, 'Oshimili North'),
(201, 10, 'Oshimili South'),
(202, 10, 'Patani'),
(203, 10, 'Sapele'),
(204, 10, 'Udu'),
(205, 10, 'Ughelli North'),
(206, 10, 'Ughelli South'),
(207, 10, 'Ukwuani'),
(208, 10, 'Uvwie'),
(209, 10, 'Warri North'),
(210, 10, 'Warri South'),
(211, 10, 'Warri South West'),
(212, 11, 'Abakaliki'),
(213, 11, 'Afikpo North'),
(214, 11, 'Afikpo South'),
(215, 11, 'Ebonyi'),
(216, 11, 'Ezza North'),
(217, 11, 'Ezza South'),
(218, 11, 'Ikwo'),
(219, 11, 'Ishielu'),
(220, 11, 'Ivo'),
(221, 11, 'Izzi'),
(222, 11, 'Ohaozara'),
(223, 11, 'Ohaukwu'),
(224, 11, 'Onicha'),
(225, 12, 'Akoko-Edo'),
(226, 12, 'Egor'),
(227, 12, 'Esan Central'),
(228, 12, 'Esan North-East'),
(229, 12, 'Esan South-East'),
(230, 12, 'Esan West'),
(231, 12, 'Etsako Central'),
(232, 12, 'Etsako East'),
(233, 12, 'Etsako West'),
(234, 12, 'Igueben'),
(235, 12, 'Ikpoba Okha'),
(236, 12, 'Orhionmwon'),
(237, 12, 'Oredo'),
(238, 12, 'Ovia North-East'),
(239, 12, 'Ovia South-West'),
(240, 12, 'Owan East'),
(241, 12, 'Owan West'),
(242, 12, 'Uhunmwonde'),
(243, 13, 'Ado Ekiti'),
(244, 13, 'Efon'),
(245, 13, 'Ekiti East'),
(246, 13, 'Ekiti South-West'),
(247, 13, 'Ekiti West'),
(248, 13, 'Emure'),
(249, 13, 'Gbonyin'),
(250, 13, 'Ido Osi'),
(251, 13, 'Ijero'),
(252, 13, 'Ikere'),
(253, 13, 'Ikole'),
(254, 13, 'Ilejemeje'),
(255, 13, 'Irepodun/Ifelodun'),
(256, 13, 'Ise/Orun'),
(257, 13, 'Moba'),
(258, 13, 'Oye'),
(259, 14, 'Aninri'),
(260, 14, 'Awgu'),
(261, 14, 'Enugu East'),
(262, 14, 'Enugu North'),
(263, 14, 'Enugu South'),
(264, 14, 'Ezeagu'),
(265, 14, 'Igbo Etiti'),
(266, 14, 'Igbo Eze North'),
(267, 14, 'Igbo Eze South'),
(268, 14, 'Isi Uzo'),
(269, 14, 'Nkanu East'),
(270, 14, 'Nkanu West'),
(271, 14, 'Nsukka'),
(272, 14, 'Oji River'),
(273, 14, 'Udenu'),
(274, 14, 'Udi'),
(275, 14, 'Uzo Uwani'),
(276, 15, 'Abaji'),
(277, 15, 'Bwari'),
(278, 15, 'Gwagwalada'),
(279, 15, 'Kuje'),
(280, 15, 'Kwali'),
(281, 15, 'Municipal Area Council'),
(282, 16, 'Akko'),
(283, 16, 'Balanga'),
(284, 16, 'Billiri'),
(285, 16, 'Dukku'),
(286, 16, 'Funakaye'),
(287, 16, 'Gombe'),
(288, 16, 'Kaltungo'),
(289, 16, 'Kwami'),
(290, 16, 'Nafada'),
(291, 16, 'Shongom'),
(292, 16, 'Yamaltu/Deba'),
(293, 17, 'Aboh Mbaise'),
(294, 17, 'Ahiazu Mbaise'),
(295, 17, 'Ehime Mbano'),
(296, 17, 'Ezinihitte'),
(297, 17, 'Ideato North'),
(298, 17, 'Ideato South'),
(299, 17, 'Ihitte/Uboma'),
(300, 17, 'Ikeduru'),
(301, 17, 'Isiala Mbano'),
(302, 17, 'Isu'),
(303, 17, 'Mbaitoli'),
(304, 17, 'Ngor Okpala'),
(305, 17, 'Njaba'),
(306, 17, 'Nkwerre'),
(307, 17, 'Nwangele'),
(308, 17, 'Obowo'),
(309, 17, 'Oguta'),
(310, 17, 'Ohaji/Egbema'),
(311, 17, 'Okigwe'),
(312, 17, 'Orlu'),
(313, 17, 'Orsu'),
(314, 17, 'Oru East'),
(315, 17, 'Oru West'),
(316, 17, 'Owerri Municipal'),
(317, 17, 'Owerri North'),
(318, 17, 'Owerri West'),
(319, 17, 'Unuimo'),
(320, 18, 'Auyo'),
(321, 18, 'Babura'),
(322, 18, 'Biriniwa'),
(323, 18, 'Birnin Kudu'),
(324, 18, 'Buji'),
(325, 18, 'Dutse'),
(326, 18, 'Gagarawa'),
(327, 18, 'Garki'),
(328, 18, 'Gumel'),
(329, 18, 'Guri'),
(330, 18, 'Gwaram'),
(331, 18, 'Gwiwa'),
(332, 18, 'Hadejia'),
(333, 18, 'Jahun'),
(334, 18, 'Kafin Hausa'),
(335, 18, 'Kazaure'),
(336, 18, 'Kiri Kasama'),
(337, 18, 'Kiyawa'),
(338, 18, 'Kaugama'),
(339, 18, 'Maigatari'),
(340, 18, 'Malam Madori'),
(341, 18, 'Miga'),
(342, 18, 'Ringim'),
(343, 18, 'Roni'),
(344, 18, 'Sule Tankarkar'),
(345, 18, 'Taura'),
(346, 18, 'Yankwashi'),
(347, 19, 'Birnin Gwari'),
(348, 19, 'Chikun'),
(349, 19, 'Giwa'),
(350, 19, 'Igabi'),
(351, 19, 'Ikara'),
(352, 19, 'Jaba'),
(353, 19, 'Jema\'a'),
(354, 19, 'Kachia'),
(355, 19, 'Kaduna North'),
(356, 19, 'Kaduna South'),
(357, 19, 'Kagarko'),
(358, 19, 'Kajuru'),
(359, 19, 'Kaura'),
(360, 19, 'Kauru'),
(361, 19, 'Kubau'),
(362, 19, 'Kudan'),
(363, 19, 'Lere'),
(364, 19, 'Makarfi'),
(365, 19, 'Sabon Gari'),
(366, 19, 'Sanga'),
(367, 19, 'Soba'),
(368, 19, 'Zangon Kataf'),
(369, 19, 'Zaria'),
(370, 20, 'Ajingi'),
(371, 20, 'Albasu'),
(372, 20, 'Bagwai'),
(373, 20, 'Bebeji'),
(374, 20, 'Bichi'),
(375, 20, 'Bunkure'),
(376, 20, 'Dala'),
(377, 20, 'Dambatta'),
(378, 20, 'Dawakin Kudu'),
(379, 20, 'Dawakin Tofa'),
(380, 20, 'Doguwa'),
(381, 20, 'Fagge'),
(382, 20, 'Gabasawa'),
(383, 20, 'Garko'),
(384, 20, 'Garun Mallam'),
(385, 20, 'Gaya'),
(386, 20, 'Gezawa'),
(387, 20, 'Gwale'),
(388, 20, 'Gwarzo'),
(389, 20, 'Kabo'),
(390, 20, 'Kano Municipal'),
(391, 20, 'Karaye'),
(392, 20, 'Kibiya'),
(393, 20, 'Kiru'),
(394, 20, 'Kumbotso'),
(395, 20, 'Kunchi'),
(396, 20, 'Kura'),
(397, 20, 'Madobi'),
(398, 20, 'Makoda'),
(399, 20, 'Minjibir'),
(400, 20, 'Nasarawa'),
(401, 20, 'Rano'),
(402, 20, 'Rimin Gado'),
(403, 20, 'Rogo'),
(404, 20, 'Shanono'),
(405, 20, 'Sumaila'),
(406, 20, 'Takai'),
(407, 20, 'Tarauni'),
(408, 20, 'Tofa'),
(409, 20, 'Tsanyawa'),
(410, 20, 'Tudun Wada'),
(411, 20, 'Ungogo'),
(412, 20, 'Warawa'),
(413, 20, 'Wudil'),
(414, 21, 'Bakori'),
(415, 21, 'Batagarawa'),
(416, 21, 'Batsari'),
(417, 21, 'Baure'),
(418, 21, 'Bindawa'),
(419, 21, 'Charanchi'),
(420, 21, 'Dandume'),
(421, 21, 'Danja'),
(422, 21, 'Dan Musa'),
(423, 21, 'Daura'),
(424, 21, 'Dutsi'),
(425, 21, 'Dutsin Ma'),
(426, 21, 'Faskari'),
(427, 21, 'Funtua'),
(428, 21, 'Ingawa'),
(429, 21, 'Jibia'),
(430, 21, 'Kafur'),
(431, 21, 'Kaita'),
(432, 21, 'Kankara'),
(433, 21, 'Kankia'),
(434, 21, 'Katsina'),
(435, 21, 'Kurfi'),
(436, 21, 'Kusada'),
(437, 21, 'Mai\'Adua'),
(438, 21, 'Malumfashi'),
(439, 21, 'Mani'),
(440, 21, 'Mashi'),
(441, 21, 'Matazu'),
(442, 21, 'Musawa'),
(443, 21, 'Rimi'),
(444, 21, 'Sabuwa'),
(445, 21, 'Safana'),
(446, 21, 'Sandamu'),
(447, 21, 'Zango'),
(448, 22, 'Aleiro'),
(449, 22, 'Arewa Dandi'),
(450, 22, 'Argungu'),
(451, 22, 'Augie'),
(452, 22, 'Bagudo'),
(453, 22, 'Birnin Kebbi'),
(454, 22, 'Bunza'),
(455, 22, 'Dandi'),
(456, 22, 'Fakai'),
(457, 22, 'Gwandu'),
(458, 22, 'Jega'),
(459, 22, 'Kalgo'),
(460, 22, 'Koko/Besse'),
(461, 22, 'Maiyama'),
(462, 22, 'Ngaski'),
(463, 22, 'Sakaba'),
(464, 22, 'Shanga'),
(465, 22, 'Suru'),
(466, 22, 'Wasagu/Danko'),
(467, 22, 'Yauri'),
(468, 22, 'Zuru'),
(469, 23, 'Adavi'),
(470, 23, 'Ajaokuta'),
(471, 23, 'Ankpa'),
(472, 23, 'Bassa'),
(473, 23, 'Dekina'),
(474, 23, 'Ibaji'),
(475, 23, 'Idah'),
(476, 23, 'Igalamela Odolu'),
(477, 23, 'Ijumu'),
(478, 23, 'Kabba/Bunu'),
(479, 23, 'Kogi'),
(480, 23, 'Lokoja'),
(481, 23, 'Mopa Muro'),
(482, 23, 'Ofu'),
(483, 23, 'Ogori/Magongo'),
(484, 23, 'Okehi'),
(485, 23, 'Okene'),
(486, 23, 'Olamaboro'),
(487, 23, 'Omala'),
(488, 23, 'Yagba East'),
(489, 23, 'Yagba West'),
(490, 24, 'Asa'),
(491, 24, 'Baruten'),
(492, 24, 'Edu'),
(493, 24, 'Ekiti'),
(494, 24, 'Ifelodun'),
(495, 24, 'Ilorin East'),
(496, 24, 'Ilorin South'),
(497, 24, 'Ilorin West'),
(498, 24, 'Irepodun'),
(499, 24, 'Isin'),
(500, 24, 'Kaiama'),
(501, 24, 'Moro'),
(502, 24, 'Offa'),
(503, 24, 'Oke Ero'),
(504, 24, 'Oyun'),
(505, 24, 'Pategi'),
(506, 25, 'Agege'),
(507, 25, 'Ajeromi-Ifelodun'),
(508, 25, 'Alimosho'),
(509, 25, 'Amuwo-Odofin'),
(510, 25, 'Apapa'),
(511, 25, 'Badagry'),
(512, 25, 'Epe'),
(513, 25, 'Eti Osa'),
(514, 25, 'Ibeju-Lekki'),
(515, 25, 'Ifako-Ijaiye'),
(516, 25, 'Ikeja'),
(517, 25, 'Ikorodu'),
(518, 25, 'Kosofe'),
(519, 25, 'Lagos Island'),
(520, 25, 'Lagos Mainland'),
(521, 25, 'Mushin'),
(522, 25, 'Ojo'),
(523, 25, 'Oshodi-Isolo'),
(524, 25, 'Shomolu'),
(525, 25, 'Surulere'),
(526, 26, 'Akwanga'),
(527, 26, 'Awe'),
(528, 26, 'Doma'),
(529, 26, 'Karu'),
(530, 26, 'Keana'),
(531, 26, 'Keffi'),
(532, 26, 'Kokona'),
(533, 26, 'Lafia'),
(534, 26, 'Nasarawa'),
(535, 26, 'Nasarawa Egon'),
(536, 26, 'Obi'),
(537, 26, 'Toto'),
(538, 26, 'Wamba'),
(539, 27, 'Agaie'),
(540, 27, 'Agwara'),
(541, 27, 'Bida'),
(542, 27, 'Borgu'),
(543, 27, 'Bosso'),
(544, 27, 'Chanchaga'),
(545, 27, 'Edati'),
(546, 27, 'Gbako'),
(547, 27, 'Gurara'),
(548, 27, 'Katcha'),
(549, 27, 'Kontagora'),
(550, 27, 'Lapai'),
(551, 27, 'Lavun'),
(552, 27, 'Magama'),
(553, 27, 'Mariga'),
(554, 27, 'Mashegu'),
(555, 27, 'Mokwa'),
(556, 27, 'Moya'),
(557, 27, 'Paikoro'),
(558, 27, 'Rafi'),
(559, 27, 'Rijau'),
(560, 27, 'Shiroro'),
(561, 27, 'Suleja'),
(562, 27, 'Tafa'),
(563, 27, 'Wushishi'),
(564, 28, 'Abeokuta North'),
(565, 28, 'Abeokuta South'),
(566, 28, 'Ado-Odo/Ota'),
(567, 28, 'Egbado North'),
(568, 28, 'Egbado South'),
(569, 28, 'Ewekoro'),
(570, 28, 'Ifo'),
(571, 28, 'Ijebu East'),
(572, 28, 'Ijebu North'),
(573, 28, 'Ijebu North East'),
(574, 28, 'Ijebu Ode'),
(575, 28, 'Ikenne'),
(576, 28, 'Imeko Afon'),
(577, 28, 'Ipokia'),
(578, 28, 'Obafemi Owode'),
(579, 28, 'Odeda'),
(580, 28, 'Odogbolu'),
(581, 28, 'Ogun Waterside'),
(582, 28, 'Remo North'),
(583, 28, 'Shagamu'),
(584, 29, 'Akoko North-East'),
(585, 29, 'Akoko North-West'),
(586, 29, 'Akoko South-West'),
(587, 29, 'Akoko South-East'),
(588, 29, 'Akure North'),
(589, 29, 'Akure South'),
(590, 29, 'Ese Odo'),
(591, 29, 'Idanre'),
(592, 29, 'Ifedore'),
(593, 29, 'Ilaje'),
(594, 29, 'Ile Oluji/Okeigbo'),
(595, 29, 'Irele'),
(596, 29, 'Odigbo'),
(597, 29, 'Okitipupa'),
(598, 29, 'Ondo East'),
(599, 29, 'Ondo West'),
(600, 29, 'Ose'),
(601, 29, 'Owo'),
(602, 30, 'Atakunmosa East'),
(603, 30, 'Atakunmosa West'),
(604, 30, 'Aiyedaade'),
(605, 30, 'Aiyedire'),
(606, 30, 'Boluwaduro'),
(607, 30, 'Boripe'),
(608, 30, 'Ede North'),
(609, 30, 'Ede South'),
(610, 30, 'Ife Central'),
(611, 30, 'Ife East'),
(612, 30, 'Ife North'),
(613, 30, 'Ife South'),
(614, 30, 'Egbedore'),
(615, 30, 'Ejigbo'),
(616, 30, 'Ifedayo'),
(617, 30, 'Ifelodun'),
(618, 30, 'Ila'),
(619, 30, 'Ilesa East'),
(620, 30, 'Ilesa West'),
(621, 30, 'Irepodun'),
(622, 30, 'Irewole'),
(623, 30, 'Isokan'),
(624, 30, 'Iwo'),
(625, 30, 'Obokun'),
(626, 30, 'Odo Otin'),
(627, 30, 'Ola Oluwa'),
(628, 30, 'Olorunda'),
(629, 30, 'Oriade'),
(630, 30, 'Orolu'),
(631, 30, 'Osogbo'),
(632, 31, 'Afijio'),
(633, 31, 'Akinyele'),
(634, 31, 'Atiba'),
(635, 31, 'Atisbo'),
(636, 31, 'Egbeda'),
(637, 31, 'Ibadan North'),
(638, 31, 'Ibadan North-East'),
(639, 31, 'Ibadan North-West'),
(640, 31, 'Ibadan South-East'),
(641, 31, 'Ibadan South-West'),
(642, 31, 'Ibarapa Central'),
(643, 31, 'Ibarapa East'),
(644, 31, 'Ibarapa North'),
(645, 31, 'Ido'),
(646, 31, 'Irepo'),
(647, 31, 'Iseyin'),
(648, 31, 'Itesiwaju'),
(649, 31, 'Iwajowa'),
(650, 31, 'Kajola'),
(651, 31, 'Lagelu'),
(652, 31, 'Ogbomosho North'),
(653, 31, 'Ogbomosho South'),
(654, 31, 'Ogo Oluwa'),
(655, 31, 'Olorunsogo'),
(656, 31, 'Oluyole'),
(657, 31, 'Ona Ara'),
(658, 31, 'Orelope'),
(659, 31, 'Ori Ire'),
(660, 31, 'Oyo'),
(661, 31, 'Oyo East'),
(662, 31, 'Saki East'),
(663, 31, 'Saki West'),
(664, 31, 'Surulere'),
(665, 32, 'Bokkos'),
(666, 32, 'Barkin Ladi'),
(667, 32, 'Bassa'),
(668, 32, 'Jos East'),
(669, 32, 'Jos North'),
(670, 32, 'Jos South'),
(671, 32, 'Kanam'),
(672, 32, 'Kanke'),
(673, 32, 'Langtang South'),
(674, 32, 'Langtang North'),
(675, 32, 'Mangu'),
(676, 32, 'Mikang'),
(677, 32, 'Pankshin'),
(678, 32, 'Qua\'an Pan'),
(679, 32, 'Riyom'),
(680, 32, 'Shendam'),
(681, 32, 'Wase'),
(682, 33, 'Abua/Odual'),
(683, 33, 'Ahoada East'),
(684, 33, 'Ahoada West'),
(685, 33, 'Akuku-Toru'),
(686, 33, 'Andoni'),
(687, 33, 'Asari-Toru'),
(688, 33, 'Bonny'),
(689, 33, 'Degema'),
(690, 33, 'Eleme'),
(691, 33, 'Emuoha'),
(692, 33, 'Etche'),
(693, 33, 'Gokana'),
(694, 33, 'Ikwerre'),
(695, 33, 'Khana'),
(696, 33, 'Obio/Akpor'),
(697, 33, 'Ogba/Egbema/Ndoni'),
(698, 33, 'Ogu/Bolo'),
(699, 33, 'Okrika'),
(700, 33, 'Omuma'),
(701, 33, 'Opobo/Nkoro'),
(702, 33, 'Oyigbo'),
(703, 33, 'Port Harcourt'),
(704, 33, 'Tai'),
(705, 34, 'Binji'),
(706, 34, 'Bodinga'),
(707, 34, 'Dange Shuni'),
(708, 34, 'Gada'),
(709, 34, 'Goronyo'),
(710, 34, 'Gudu'),
(711, 34, 'Gwadabawa'),
(712, 34, 'Illela'),
(713, 34, 'Isa'),
(714, 34, 'Kebbe'),
(715, 34, 'Kware'),
(716, 34, 'Rabah'),
(717, 34, 'Sabon Birni'),
(718, 34, 'Shagari'),
(719, 34, 'Silame'),
(720, 34, 'Sokoto North'),
(721, 34, 'Sokoto South'),
(722, 34, 'Tambuwal'),
(723, 34, 'Tangaza'),
(724, 34, 'Tureta'),
(725, 34, 'Wamako'),
(726, 34, 'Wurno'),
(727, 34, 'Yabo'),
(728, 35, 'Ardo Kola'),
(729, 35, 'Bali'),
(730, 35, 'Donga'),
(731, 35, 'Gashaka'),
(732, 35, 'Gassol'),
(733, 35, 'Ibi'),
(734, 35, 'Jalingo'),
(735, 35, 'Karim Lamido'),
(736, 35, 'Kumi'),
(737, 35, 'Lau'),
(738, 35, 'Sardauna'),
(739, 35, 'Takum'),
(740, 35, 'Ussa'),
(741, 35, 'Wukari'),
(742, 35, 'Yorro'),
(743, 35, 'Zing'),
(744, 36, 'Bade'),
(745, 36, 'Bursari'),
(746, 36, 'Damaturu'),
(747, 36, 'Fika'),
(748, 36, 'Fune'),
(749, 36, 'Geidam'),
(750, 36, 'Gujba'),
(751, 36, 'Gulani'),
(752, 36, 'Jakusko'),
(753, 36, 'Karasuwa'),
(754, 36, 'Machina'),
(755, 36, 'Nangere'),
(756, 36, 'Nguru'),
(757, 36, 'Potiskum'),
(758, 36, 'Tarmuwa'),
(759, 36, 'Yunusari'),
(760, 36, 'Yusufari'),
(761, 37, 'Anka'),
(762, 37, 'Bakura'),
(763, 37, 'Birnin Magaji/Kiyaw'),
(764, 37, 'Bukkuyum'),
(765, 37, 'Bungudu'),
(766, 37, 'Gummi'),
(767, 37, 'Gusau'),
(768, 37, 'Kaura Namoda'),
(769, 37, 'Maradun'),
(770, 37, 'Maru'),
(771, 37, 'Shinkafi'),
(772, 37, 'Talata Mafara'),
(773, 37, 'Chafe'),
(774, 37, 'Zurmi');

-- --------------------------------------------------------

--
-- Table structure for table `payment`
--

CREATE TABLE `payment` (
  `payment_id` int(11) NOT NULL,
  `payee_id` int(11) NOT NULL,
  `student_class` varchar(50) DEFAULT NULL,
  `amount_paid` int(10) NOT NULL,
  `balance` int(10) NOT NULL,
  `payment_date` date NOT NULL,
  `payment_method` varchar(30) NOT NULL,
  `payment_term` varchar(30) NOT NULL,
  `payment_session` varchar(50) NOT NULL,
  `payment_status` tinyint(1) NOT NULL DEFAULT 0 COMMENT '1 =not cleared, 2=cleared,0=not paid',
  `created_at` date NOT NULL
) ENGINE=InnoDB DEFAULT CHARSET=utf8mb4 COLLATE=utf8mb4_general_ci;

--
-- Dumping data for table `payment`
--

INSERT INTO `payment` (`payment_id`, `payee_id`, `student_class`, `amount_paid`, `balance`, `payment_date`, `payment_method`, `payment_term`, `payment_session`, `payment_status`, `created_at`) VALUES
(1, 4, 'JSS2', 30500, 19500, '2024-11-12', 'Cash', 'First Term', '2021/2022', 1, '2024-11-12'),
(2, 2, 'SSS3', 75000, 0, '2021-08-15', 'Cash', 'First Term', '2021/2022', 2, '2021-08-15'),
(3, 3, 'SSS2', 30000, 15000, '2021-08-15', 'Cash', 'First Term', '2021/2022', 1, '2021-08-15'),
(4, 1, 'SSS1', 10000, 55000, '2021-08-15', 'Cash', 'First Term', '2021/2022', 1, '2021-08-15'),
(5, 5, 'S1', 100000, 400000, '2024-11-13', 'Cash', 'First Term', '2021/2022', 1, '2024-11-13');

-- --------------------------------------------------------

--
-- Table structure for table `payment_history`
--

CREATE TABLE `payment_history` (
  `history_id` int(11) NOT NULL,
  `payment_id` int(11) NOT NULL,
  `student_class` varchar(50) DEFAULT NULL,
  `amount_paid` decimal(10,2) NOT NULL,
  `rem_bal` decimal(10,2) NOT NULL,
  `payment_date` date NOT NULL,
  `payment_method` varchar(30) NOT NULL,
  `term` varchar(50) NOT NULL,
  `session` varchar(50) NOT NULL,
  `invoice_number` varchar(255) DEFAULT NULL
) ENGINE=InnoDB DEFAULT CHARSET=utf8mb4 COLLATE=utf8mb4_general_ci;

--
-- Dumping data for table `payment_history`
--

INSERT INTO `payment_history` (`history_id`, `payment_id`, `student_class`, `amount_paid`, `rem_bal`, `payment_date`, `payment_method`, `term`, `session`, `invoice_number`) VALUES
(1, 4, 'JSS2', 30000.00, 20000.00, '2021-08-15', 'Cash', 'First Term', '2021/2022', '20210815085129CBADE1469'),
(2, 2, 'SSS3', 56000.00, 19000.00, '2021-08-15', 'Bank', 'First Term', '2021/2022', '20210815085252BECAD9999'),
(3, 2, 'SSS3', 19000.00, 0.00, '2021-08-15', 'Cash', 'First Term', '2021/2022', '20210815085341EDBCA4797'),
(4, 3, 'SSS2', 30000.00, 15000.00, '2021-08-15', 'Cash', 'First Term', '2021/2022', '20210815090358ABECD9674'),
(5, 1, 'SSS1', 10000.00, 55000.00, '2021-08-15', 'Cash', 'First Term', '2021/2022', '20210815090441EBACD5253'),
(6, 4, 'JSS2', 500.00, 19500.00, '2024-11-12', 'Cash', 'First Term', '2021/2022', '20241112103054DCABE9265'),
(7, 5, 'S1', 100000.00, 400000.00, '2024-11-13', 'Cash', 'First Term', '2021/2022', '20241113094346EDBCA1561');

-- --------------------------------------------------------

--
-- Table structure for table `school_profile`
--

CREATE TABLE `school_profile` (
  `id` int(2) NOT NULL,
  `name` varchar(255) NOT NULL,
  `motto` varchar(200) NOT NULL,
  `director` varchar(100) NOT NULL,
  `phone` varchar(30) DEFAULT NULL,
  `mobile` varchar(30) DEFAULT NULL,
  `school_email` varchar(200) DEFAULT NULL,
  `address_one` text DEFAULT NULL,
  `address_two` text DEFAULT NULL,
  `state` varchar(100) DEFAULT NULL,
  `country` varchar(100) DEFAULT NULL,
  `logo` varchar(255) DEFAULT NULL,
  `website` varchar(255) DEFAULT NULL
) ENGINE=InnoDB DEFAULT CHARSET=utf8mb4 COLLATE=utf8mb4_general_ci;

--
-- Dumping data for table `school_profile`
--

INSERT INTO `school_profile` (`id`, `name`, `motto`, `director`, `phone`, `mobile`, `school_email`, `address_one`, `address_two`, `state`, `country`, `logo`, `website`) VALUES
(1, 'Medical School College', 'Medical School Easy', 'Medical School', '07031335307', '07031335307', 'mandelashaban593@gmail.com', '31  Jinaja, kampala', 'Uganda', 'FCT', 'Nigeria', 'logo_1731484414.png', 'www.medcollege.com');

-- --------------------------------------------------------

--
-- Table structure for table `session_list`
--

CREATE TABLE `session_list` (
  `id` int(11) NOT NULL,
  `session_desc` varchar(50) NOT NULL
) ENGINE=InnoDB DEFAULT CHARSET=utf8mb4 COLLATE=utf8mb4_general_ci;

-- --------------------------------------------------------

--
-- Table structure for table `states`
--

CREATE TABLE `states` (
  `state_id` int(11) NOT NULL,
  `name` varchar(100) NOT NULL
) ENGINE=InnoDB DEFAULT CHARSET=latin1 COLLATE=latin1_swedish_ci;

--
-- Dumping data for table `states`
--

INSERT INTO `states` (`state_id`, `name`) VALUES
(1, 'Adjumani'),
(2, 'Jinja'),
(3, 'Kampala'),
(4, 'Hoima'),
(5, 'Iganga'),
(6, 'Mukono'),
(7, 'Mbarara'),
(8, 'Gulu'),
(9, 'Mbale'),
(10, 'Lira'),
(11, 'Nebbi'),
(12, 'Soroti'),
(13, 'Moyo'),
(14, 'Kapchorwa'),
(15, 'Arua'),
(16, 'Yumbe'),
(17, 'Koboko'),
(18, 'kitgum'),
(19, 'Apac'),
(20, 'Wakiso'),
(21, 'Zombo'),
(22, 'Buikwe'),
(23, 'Nwoya'),
(24, 'Kabalore'),
(25, 'Luweero'),
(26, 'Nasarawa State'),
(27, 'Niger State'),
(28, 'Ogun State'),
(29, 'Ondo State'),
(30, 'Osun State'),
(31, 'Oyo State'),
(32, 'Plateau State'),
(33, 'Rivers State'),
(34, 'Sokoto State'),
(35, 'Taraba State'),
(36, 'Yobe State'),
(37, 'Zamfara State');

-- --------------------------------------------------------

--
-- Table structure for table `students`
--

CREATE TABLE `students` (
  `student_id` int(11) NOT NULL,
  `sname` varchar(50) NOT NULL,
  `fname` varchar(50) NOT NULL,
  `lname` varchar(50) NOT NULL,
  `gender` varchar(10) NOT NULL,
  `dob` date NOT NULL,
  `state` varchar(50) NOT NULL,
  `local_gvt` varchar(50) NOT NULL,
  `admitted_class` varchar(50) NOT NULL,
  `preClass` varchar(50) NOT NULL,
  `admission_date` date DEFAULT NULL,
  `admission_no` varchar(30) DEFAULT NULL,
  `admission_status` tinyint(1) NOT NULL,
  `passport` varchar(255) NOT NULL,
  `created_at` date NOT NULL
) ENGINE=InnoDB DEFAULT CHARSET=utf8mb4 COLLATE=utf8mb4_general_ci;

--
-- Dumping data for table `students`
--

INSERT INTO `students` (`student_id`, `sname`, `fname`, `lname`, `gender`, `dob`, `state`, `local_gvt`, `admitted_class`, `preClass`, `admission_date`, `admission_no`, `admission_status`, `passport`, `created_at`) VALUES
(1, 'Jerry', 'Doe', 'Samson', 'male', '2021-07-27', 'Lagos State', 'Ikeja', 'SSS1', 'JSS1', '2021-08-12', '00010', 0, '34ecc8ea14accfe1bea83b7426bbd18b.png', '2021-08-12'),
(2, 'Samson', 'Jerry', 'Joy', 'female', '2021-08-03', 'Lagos State', 'Agege', 'SSS3', 'SSS 2', '2021-08-12', '0090', 0, 'ede7fa671fc65664e5102d98da5c116f.png', '2021-08-12'),
(3, 'John', 'Smith', 'Jack', 'female', '2001-07-03', 'Kano State', 'Ajingi', 'SSS2', 'SSS1', '2021-08-15', '1209', 0, '907ffb82e0e509b49adb62614463b5e9.png', '2021-08-15'),
(4, 'Jack', 'Jacob', 'Joe', 'male', '2021-07-27', 'Lagos State', 'Alimosho', 'JSS2', 'JSS1', '2021-08-15', '0006', 0, 'dd1099f8b0abdd1033825f3b0e58c98d.png', '2021-08-15'),
(5, 'Kalid', 'Shaban', 'Mandes', 'male', '2024-11-14', 'Adjumani', '', 'S1', 'Na', '2021-01-03', '120003', 0, '1e9273756f1c8ddbf3300b74b90ce6cf.png', '2024-11-13');

-- --------------------------------------------------------

--
-- Table structure for table `student_info`
--

CREATE TABLE `student_info` (
  `info_id` int(11) NOT NULL,
  `pre_school_name` varchar(255) NOT NULL,
  `pre_schl_address` text NOT NULL,
  `place_of_birth` varchar(50) NOT NULL,
  `nationality` varchar(100) NOT NULL,
  `reason` text NOT NULL,
  `genotype` varchar(20) NOT NULL,
  `blood_group` varchar(20) NOT NULL,
  `usual_sickness` varchar(50) NOT NULL,
  `hospital` varchar(5) NOT NULL,
  `hospital_phone` varchar(30) NOT NULL,
  `hospital_address` text NOT NULL,
  `parent_name` varchar(255) NOT NULL,
  `parent_number` varchar(30) NOT NULL,
  `parent_address` text NOT NULL,
  `parent_occupation` varchar(50) NOT NULL,
  `position_at_work` varchar(50) NOT NULL,
  `student_id` int(11) NOT NULL
) ENGINE=InnoDB DEFAULT CHARSET=utf8mb4 COLLATE=utf8mb4_general_ci;

--
-- Dumping data for table `student_info`
--

INSERT INTO `student_info` (`info_id`, `pre_school_name`, `pre_schl_address`, `place_of_birth`, `nationality`, `reason`, `genotype`, `blood_group`, `usual_sickness`, `hospital`, `hospital_phone`, `hospital_address`, `parent_name`, `parent_number`, `parent_address`, `parent_occupation`, `position_at_work`, `student_id`) VALUES
(1, 'Command High School Lagos', 'Command Area Lagos', 'Lagos', 'Nigerian', 'Change of environment', 'AA', 'AB', 'None', 'Yes', '078743434445', 'Lagos Nigeria', 'Dow Joe', '0966565650', 'Lagos Nigeria', 'Teaching', '', 1),
(2, 'Command High School Lagos', 'Command Area Lagos', 'Lagos', 'Nigerian', 'Change of environment', 'AA', 'AB', 'None', 'Yes', '3343343333', 'Lagos Nigeria', 'Sam Daniel', '45545445454', 'Lagos Nieria', 'Pastor', '', 2),
(3, 'Ajingi Army School Kano', 'Army Arena Area Kano', 'Kano', 'Nigerian', 'Change of Environment', 'AA', 'B', 'None', 'Yes', '09809876543', 'Army Medical Center Kano', 'James Brad', '0987654321', 'Kano State', 'Military', '', 3),
(4, 'Command High School Lagod', 'Lagos State', 'Lagos', 'Nigerian', 'Change of Environment', 'AA', 'AB', 'None', 'Yes', '090348858657', 'Lagos Nigeria', 'James', 'Jarck', 'lagos', 'Police', '', 4),
(5, 'Na', 'Na', 'Adjuman', 'Ugandan', 'NA', 'AA', 'AB', 'NA', 'No', 'NA', 'Na', 'Mary', '0763832822', 'Jinja', 'peasant', '', 5);

--
-- Indexes for dumped tables
--

--
-- Indexes for table `administrator`
--
ALTER TABLE `administrator`
  ADD PRIMARY KEY (`user_id`);

--
-- Indexes for table `fee_component`
--
ALTER TABLE `fee_component`
  ADD PRIMARY KEY (`id`);

--
-- Indexes for table `individual_fee`
--
ALTER TABLE `individual_fee`
  ADD PRIMARY KEY (`id`);

--
-- Indexes for table `locals`
--
ALTER TABLE `locals`
  ADD PRIMARY KEY (`local_id`);

--
-- Indexes for table `payment`
--
ALTER TABLE `payment`
  ADD PRIMARY KEY (`payment_id`);

--
-- Indexes for table `payment_history`
--
ALTER TABLE `payment_history`
  ADD PRIMARY KEY (`history_id`);

--
-- Indexes for table `school_profile`
--
ALTER TABLE `school_profile`
  ADD PRIMARY KEY (`id`);

--
-- Indexes for table `session_list`
--
ALTER TABLE `session_list`
  ADD PRIMARY KEY (`id`);

--
-- Indexes for table `states`
--
ALTER TABLE `states`
  ADD PRIMARY KEY (`state_id`);

--
-- Indexes for table `students`
--
ALTER TABLE `students`
  ADD PRIMARY KEY (`student_id`);

--
-- Indexes for table `student_info`
--
ALTER TABLE `student_info`
  ADD PRIMARY KEY (`info_id`);

--
-- AUTO_INCREMENT for dumped tables
--

--
-- AUTO_INCREMENT for table `administrator`
--
ALTER TABLE `administrator`
  MODIFY `user_id` int(11) NOT NULL AUTO_INCREMENT, AUTO_INCREMENT=4;

--
-- AUTO_INCREMENT for table `fee_component`
--
ALTER TABLE `fee_component`
  MODIFY `id` int(11) NOT NULL AUTO_INCREMENT, AUTO_INCREMENT=8;

--
-- AUTO_INCREMENT for table `individual_fee`
--
ALTER TABLE `individual_fee`
  MODIFY `id` int(11) NOT NULL AUTO_INCREMENT, AUTO_INCREMENT=6;

--
-- AUTO_INCREMENT for table `locals`
--
ALTER TABLE `locals`
  MODIFY `local_id` int(11) NOT NULL AUTO_INCREMENT, AUTO_INCREMENT=775;

--
-- AUTO_INCREMENT for table `payment`
--
ALTER TABLE `payment`
  MODIFY `payment_id` int(11) NOT NULL AUTO_INCREMENT, AUTO_INCREMENT=6;

--
-- AUTO_INCREMENT for table `payment_history`
--
ALTER TABLE `payment_history`
  MODIFY `history_id` int(11) NOT NULL AUTO_INCREMENT, AUTO_INCREMENT=8;

--
-- AUTO_INCREMENT for table `session_list`
--
ALTER TABLE `session_list`
  MODIFY `id` int(11) NOT NULL AUTO_INCREMENT;

--
-- AUTO_INCREMENT for table `states`
--
ALTER TABLE `states`
  MODIFY `state_id` int(11) NOT NULL AUTO_INCREMENT, AUTO_INCREMENT=38;

--
-- AUTO_INCREMENT for table `students`
--
ALTER TABLE `students`
  MODIFY `student_id` int(11) NOT NULL AUTO_INCREMENT, AUTO_INCREMENT=6;

--
-- AUTO_INCREMENT for table `student_info`
--
ALTER TABLE `student_info`
  MODIFY `info_id` int(11) NOT NULL AUTO_INCREMENT, AUTO_INCREMENT=6;
COMMIT;

/*!40101 SET CHARACTER_SET_CLIENT=@OLD_CHARACTER_SET_CLIENT */;
/*!40101 SET CHARACTER_SET_RESULTS=@OLD_CHARACTER_SET_RESULTS */;
/*!40101 SET COLLATION_CONNECTION=@OLD_COLLATION_CONNECTION */;
